<?xml version="1.0" encoding="UTF-8" standalone="yes"?>
<addon id="plugin.video.420clubhouse" version="1.0.1" name="4.20 Clubhouse" provider-name="Shadowhawk and everyone from the madhouse">
	<requires>
		<import addon="xbmc.python" version="2.19.0" />
		<import addon="script.420clubhouse.artwork" />
		<import addon="script.420clubhouse.metadata" />
		<import addon="script.module.resolveurl" />
		<import addon="script.module.requests" />
		<import addon="script.module.openscrapers" />
		<import addon="script.module.metahandler" version="1.0.0" />
	</requires>
	<extension point="xbmc.python.pluginsource" library="default.py">
		<provides>video</provides>
	</extension>
	<extension point="xbmc.service" library="service.py" start="startup" />
	<extension point="xbmc.addon.metadata">
		<summary lang="en">4.20 Clubhouse</summary>
		<description lang="en"> A Big Thank You to Bonecrusher, Watchdog, Zim, The Wolfgirl and a few others in the madhouse. This addon does not form part of the Kodi Media Centre. Please do not seek assistance with this addon from any of the Official Kodi Support Channels.The author does not host any of the content in this addon and takes no responsibility for content found.</description>
		<disclaimer lang="en">The author of this addon do not host any of the content which is found and have no affiliation with any of the content providers. This addon simply searches websites for content. Use at your own risk!.</disclaimer>
		<platform>all</platform>
		<license>GNU GENERAL PUBLIC LICENSE. Version 3, 29 June 2007</license>
		<assets>
			<icon>icon.png</icon>
			<fanart>fanart.jpg</fanart>
    			<screenshot></screenshot>
		</assets>
		<news></news>
	</extension>
</addon>
