<?xml version="1.0" encoding="UTF-8" standalone="yes"?>
<addon id="script.420clubhouse.metadata" version="1.0.1" name="4.20 Clubhouse Metadata" provider-name="Shadowhawk and BC">
	<requires>
		<import addon="xbmc.python" version="2.19.0"/>
	</requires>
	<extension point="xbmc.python.module" library="lib" />
	<extension point="xbmc.addon.metadata">
		<summary>Metadata for the 4.20 Clubhouse Addon</summary>
		<description>Metadata for 4.20 clubhouse are maintained separately to make distribution of the the addon itself easier/faster.</description>
		<platform>all</platform>
	</extension>
</addon>
